{"MaxAbsEStateIndex": {"min": 0.0, "max": 17.2620202963723}, "MinAbsEStateIndex": {"min": 0.0, "max": 4.0}, "MinEStateIndex": {"min": -5.5732195003486025, "max": 4.0}, "SPS": {"min": 0.0, "max": 80.95238095238095}, "MolWt": {"min": 16.043, "max": 780.9490000000001}, "NumValenceElectrons": {"min": 8.0, "max": 312.0}, "FpDensityMorgan1": {"min": 0.19230769230769232, "max": 2.0}, "FpDensityMorgan2": {"min": 0.3076923076923077, "max": 2.6666666666666665}, "FpDensityMorgan3": {"min": 0.4230769230769231, "max": 3.230769230769231}, "BCUT2D_MWHI": {"min": 12.011, "max": 126.92240471283067}, "BCUT2D_MWLOW": {"min": 9.41268204489924, "max": 12.011}, "BCUT2D_CHGHI": {"min": -0.07755789119307553, "max": 3.3186851714743884}, "BCUT2D_CHGLO": {"min": -2.8109109311645613, "max": -0.07755789119307553}, "BCUT2D_LOGPHI": {"min": 0.1441, "max": 3.125698197507123}, "BCUT2D_LOGPLOW": {"min": -3.0332452904607123, "max": 0.1441}, "BCUT2D_MRHI": {"min": 2.503, "max": 14.195782660764653}, "BCUT2D_MRLOW": {"min": -0.803019584379641, "max": 3.3106497308103737}, "AvgIpc": {"min": 0.0, "max": 3.673753658404126}, "BalabanJ": {"min": 0.0, "max": 4.80781070887242}, "BertzCT": {"min": 0.0, "max": 1552.1418141649644}, "Chi3v": {"min": 0.0, "max": 17.28991492842191}, "HallKierAlpha": {"min": -4.679999999999999, "max": 3.48}, "Ipc": {"min": 0.0, "max": 1464396350590.4775}, "Kappa2": {"min": 0.0, "max": 25.0}, "Kappa3": {"min": -27.040000000000028, "max": 1128.9599999999998}, "PEOE_VSA1": {"min": 0.0, "max": 79.85611611224802}, "PEOE_VSA10": {"min": 0.0, "max": 73.75051222974423}, "PEOE_VSA11": {"min": 0.0, "max": 35.578100791806044}, "PEOE_VSA12": {"min": 0.0, "max": 20.405262483291786}, "PEOE_VSA13": {"min": 0.0, "max": 34.8308205393734}, "PEOE_VSA14": {"min": 0.0, "max": 23.628718917406022}, "PEOE_VSA2": {"min": 0.0, "max": 40.44530315231261}, "PEOE_VSA3": {"min": 0.0, "max": 28.11239300753443}, "PEOE_VSA4": {"min": 0.0, "max": 22.95172988647068}, "PEOE_VSA5": {"min": 0.0, "max": 92.80751912186011}, "PEOE_VSA6": {"min": 0.0, "max": 167.94719334960556}, "PEOE_VSA7": {"min": 0.0, "max": 113.21832538951759}, "PEOE_VSA8": {"min": 0.0, "max": 61.84386929342298}, "PEOE_VSA9": {"min": 0.0, "max": 54.4327819129701}, "SMR_VSA1": {"min": 0.0, "max": 79.85611611224802}, "SMR_VSA10": {"min": 0.0, "max": 139.21127868279015}, "SMR_VSA2": {"min": 0.0, "max": 10.523783109476973}, "SMR_VSA3": {"min": 0.0, "max": 29.52892652878686}, "SMR_VSA4": {"min": 0.0, "max": 39.91659559283591}, "SMR_VSA5": {"min": 0.0, "max": 197.1793403500376}, "SMR_VSA6": {"min": 0.0, "max": 64.74887742000847}, "SMR_VSA7": {"min": 0.0, "max": 149.19254837867527}, "SMR_VSA9": {"min": 0.0, "max": 40.071258076990965}, "SlogP_VSA1": {"min": 0.0, "max": 24.84416606941281}, "SlogP_VSA10": {"min": 0.0, "max": 35.92079024175871}, "SlogP_VSA11": {"min": 0.0, "max": 28.747559166419524}, "SlogP_VSA12": {"min": 0.0, "max": 139.21127868279015}, "SlogP_VSA2": {"min": 0.0, "max": 168.11012407777176}, "SlogP_VSA3": {"min": 0.0, "max": 41.70870082412456}, "SlogP_VSA4": {"min": 0.0, "max": 47.44342312559377}, "SlogP_VSA5": {"min": 0.0, "max": 167.94719334960556}, "SlogP_VSA6": {"min": 0.0, "max": 126.67778940558438}, "SlogP_VSA7": {"min": 0.0, "max": 50.226333137413256}, "SlogP_VSA8": {"min": 0.0, "max": 64.63469057357754}, "TPSA": {"min": 0.0, "max": 268.67999999999995}, "EState_VSA1": {"min": 0.0, "max": 111.93832273452401}, "EState_VSA10": {"min": 0.0, "max": 56.17180134324775}, "EState_VSA11": {"min": 0.0, "max": 8.78083009534964}, "EState_VSA2": {"min": 0.0, "max": 61.35323612080724}, "EState_VSA3": {"min": 0.0, "max": 60.278825336569554}, "EState_VSA4": {"min": 0.0, "max": 64.20821622926012}, "EState_VSA5": {"min": 0.0, "max": 154.0997189502243}, "EState_VSA6": {"min": 0.0, "max": 62.626280513047256}, "EState_VSA7": {"min": 0.0, "max": 97.07152613375807}, "EState_VSA8": {"min": 0.0, "max": 84.92913895846256}, "EState_VSA9": {"min": 0.0, "max": 139.21127868279015}, "VSA_EState1": {"min": -3.8389506172839503, "max": 96.81805332576454}, "VSA_EState2": {"min": -14.322623456790122, "max": 67.9892240908709}, "VSA_EState3": {"min": -9.316358024691358, "max": 108.90761673000605}, "VSA_EState4": {"min": -7.258379629629631, "max": 19.282288090396854}, "VSA_EState5": {"min": -9.68163605602684, "max": 5.895833333333333}, "VSA_EState6": {"min": -2.6370793440833133, "max": 32.108485017141625}, "VSA_EState7": {"min": -21.77102559964048, "max": 35.394276596409}, "VSA_EState8": {"min": -5.453591908326606, "max": 13.274444444444445}, "VSA_EState9": {"min": -9.423007308990577, "max": 11.465555555555557}, "FractionCSP3": {"min": 0.0, "max": 1.0}, "NHOHCount": {"min": 0.0, "max": 11.0}, "NumAliphaticCarbocycles": {"min": 0.0, "max": 6.0}, "NumAliphaticHeterocycles": {"min": 0.0, "max": 4.0}, "NumAliphaticRings": {"min": 0.0, "max": 8.0}, "NumAmideBonds": {"min": 0.0, "max": 8.0}, "NumAromaticCarbocycles": {"min": 0.0, "max": 7.0}, "NumAromaticHeterocycles": {"min": 0.0, "max": 2.0}, "NumAromaticRings": {"min": 0.0, "max": 7.0}, "NumAtomStereoCenters": {"min": 0.0, "max": 21.0}, "NumBridgeheadAtoms": {"min": 0.0, "max": 4.0}, "NumHAcceptors": {"min": 0.0, "max": 16.0}, "NumHeteroatoms": {"min": 0.0, "max": 16.0}, "NumHeterocycles": {"min": 0.0, "max": 4.0}, "NumRotatableBonds": {"min": 0.0, "max": 23.0}, "NumSaturatedHeterocycles": {"min": 0.0, "max": 3.0}, "NumSaturatedRings": {"min": 0.0, "max": 7.0}, "RingCount": {"min": 0.0, "max": 8.0}, "MolLogP": {"min": -7.571399999999989, "max": 10.388599999999993}, "fr_Al_OH": {"min": 0.0, "max": 11.0}, "fr_ArN": {"min": 0.0, "max": 3.0}, "fr_Ar_N": {"min": 0.0, "max": 6.0}, "fr_Ar_NH": {"min": 0.0, "max": 4.0}, "fr_Ar_OH": {"min": 0.0, "max": 5.0}, "fr_C_O": {"min": 0.0, "max": 6.0}, "fr_NH0": {"min": 0.0, "max": 6.0}, "fr_NH1": {"min": 0.0, "max": 4.0}, "fr_NH2": {"min": 0.0, "max": 3.0}, "fr_alkyl_halide": {"min": 0.0, "max": 12.0}, "fr_allylic_oxid": {"min": 0.0, "max": 8.0}, "fr_aniline": {"min": 0.0, "max": 4.0}, "fr_aryl_methyl": {"min": 0.0, "max": 4.0}, "fr_bicyclic": {"min": 0.0, "max": 12.0}, "fr_ester": {"min": 0.0, "max": 3.0}, "fr_ether": {"min": 0.0, "max": 9.0}, "fr_halogen": {"min": 0.0, "max": 12.0}, "fr_imide": {"min": 0.0, "max": 4.0}, "fr_ketone": {"min": 0.0, "max": 3.0}, "fr_ketone_Topliss": {"min": 0.0, "max": 2.0}, "fr_methoxy": {"min": 0.0, "max": 3.0}, "fr_nitro": {"min": 0.0, "max": 3.0}, "fr_nitro_arom": {"min": 0.0, "max": 3.0}, "fr_para_hydroxylation": {"min": 0.0, "max": 3.0}, "fr_pyridine": {"min": 0.0, "max": 2.0}, "fr_unbrch_alkane": {"min": 0.0, "max": 23.0}, "fr_urea": {"min": 0.0, "max": 2.0}}